{
    "loss": 1.977552890777588,
    "accuracy": 0.8103448152542114
}