{
    "loss": 0.5513079762458801,
    "accuracy": 0.931034505367279
}